tweets,Twitter id,URLs,hashtags,date,source,likes,retweets,Location
"Banks To Remain Closed On These Days In November, December https://t.co/5jWrjYcfrK",1189140588240654336,"[{'url': 'https://t.co/5jWrjYcfrK', 'expanded_url': 'https://www.ndtv.com/business/bank-holidays-in-october-november-december-2019-check-full-list-bank-holiday-in-india-bank-schedule-2124030', 'display_url': 'ndtv.com/business/bank-…', 'indices': [59, 82]}]",[],2019-10-29 11:23:04,Twitter Web App,17,6,
Cabinet Secretary-Led Group To Look Into Telecom Sector Woes: Official https://t.co/3X9ZfqPmNi,1189138713197989888,"[{'url': 'https://t.co/3X9ZfqPmNi', 'expanded_url': 'https://www.ndtv.com/business/cabinet-secretary-led-group-to-look-into-telecom-sector-woes-financial-stress-official-2124121', 'display_url': 'ndtv.com/business/cabin…', 'indices': [71, 94]}]",[],2019-10-29 11:15:37,Twitter Web App,17,1,
"Sensex Closes 582 Points Higher, Nifty Settles At 11,787 https://t.co/f6kesczjPi",1189126101475266560,"[{'url': 'https://t.co/f6kesczjPi', 'expanded_url': 'https://www.ndtv.com/business/share-markets-on-october-29-closing-bell-sensex-nifty-live-movements-stock-markets-2124083', 'display_url': 'ndtv.com/business/share…', 'indices': [57, 80]}]",[],2019-10-29 10:25:30,Twitter Web App,21,4,
"Sensex Soars 490 Points, Nifty Hits 11,750 As Banking, Auto Stocks Jump
https://t.co/ik73Go9uR8",1189064105052651520,"[{'url': 'https://t.co/ik73Go9uR8', 'expanded_url': 'https://www.ndtv.com/business/bse-sensex-live-market-update-sensex-soars-450-points-nifty-hits-11750-as-banking-auto-stocks-jump-2123946', 'display_url': 'ndtv.com/business/bse-s…', 'indices': [72, 95]}]",[],2019-10-29 06:19:09,Twitter Web App,20,8,
"Tata Motors Shares Hit Over Three-Month High
https://t.co/4WmqlBOB5l",1189056555661946880,"[{'url': 'https://t.co/4WmqlBOB5l', 'expanded_url': 'https://www.ndtv.com/business/tata-motors-share-price-tata-motors-q2-earnings-tata-motors-shares-hit-over-three-month-high-2123923', 'display_url': 'ndtv.com/business/tata-…', 'indices': [45, 68]}]",[],2019-10-29 05:49:09,Twitter Web App,3,1,
"Rupee Gains By 18 Paise Against US Dollar
https://t.co/K0b3t8Gc7B",1189036328077258753,"[{'url': 'https://t.co/K0b3t8Gc7B', 'expanded_url': 'https://www.ndtv.com/business/rupee-vs-dollar-currency-exchange-rate-today-october-29-rupee-moves-to-near-one-month-high-2123878', 'display_url': 'ndtv.com/business/rupee…', 'indices': [42, 65]}]",[],2019-10-29 04:28:46,Twitter Web App,94,11,
"Sensex Rises Over 100 Points, Nifty Hits 11,650 In Early Trade
https://t.co/wCtxB3dk27",1189032957035417600,"[{'url': 'https://t.co/wCtxB3dk27', 'expanded_url': 'https://www.ndtv.com/business/bse-sensex-live-market-updates-sensex-nifty-likely-to-open-higher-today-sbi-tata-motors-in-focus-2123872', 'display_url': 'ndtv.com/business/bse-s…', 'indices': [63, 86]}]",[],2019-10-29 04:15:22,Twitter Web App,18,1,
"Bharti Airtel Defers September Quarter Earnings Announcement, Shares Fall
https://t.co/dEqQucBn5y",1189032678420443138,"[{'url': 'https://t.co/dEqQucBn5y', 'expanded_url': 'https://www.ndtv.com/business/bharti-airtel-share-price-airtel-q2-earnings-airtel-defers-september-quarter-earnings-announcement-2123889', 'display_url': 'ndtv.com/business/bhart…', 'indices': [74, 97]}]",[],2019-10-29 04:14:16,Twitter Web App,25,5,
"Sensex rises over 100 points, Nifty crosses 11,650 mark; auto, metal stocks lead gains #Sensex #Nifty #MarketUpdates",1189029267000004609,[],"[{'text': 'Sensex', 'indices': [87, 94]}, {'text': 'Nifty', 'indices': [95, 101]}, {'text': 'MarketUpdates', 'indices': [102, 116]}]",2019-10-29 04:00:43,Twitter Web App,32,5,
"Metals Tycoon Sanjeev Gupta To Merge Steel Operations Ahead Of Possible IPO
https://t.co/dhvXqax7R3",1189015092987228160,"[{'url': 'https://t.co/dhvXqax7R3', 'expanded_url': 'https://www.ndtv.com/business/sanjeev-gupta-news-metals-tycoon-sanjeev-gupta-to-merge-steel-operations-ahead-of-possible-ipo-2123868', 'display_url': 'ndtv.com/business/sanje…', 'indices': [76, 99]}]",[],2019-10-29 03:04:23,Twitter Web App,36,5,
Aviation Regulator Orders IndiGo To Modify Pratt &amp; Whitney Engines Within 15 Days https://t.co/KVuzqmpORK,1188843558490394625,"[{'url': 'https://t.co/KVuzqmpORK', 'expanded_url': 'https://www.ndtv.com/business/aviation-regulator-orders-indigo-to-modify-pratt-whitney-engines-within-15-days-2123774', 'display_url': 'ndtv.com/business/aviat…', 'indices': [86, 109]}]",[],2019-10-28 15:42:46,Twitter Web App,3,0,
"Mukesh Ambani Preps India's Alibaba With Rs 1.73 Lakh-Crore Holding Company
https://t.co/zoF5jfrkOB",1188740916942524416,"[{'url': 'https://t.co/zoF5jfrkOB', 'expanded_url': 'https://www.ndtv.com/business/mukesh-ambani-readies-indias-alibaba-with-rs-1-73-lakh-crore-holding-firm-2123542', 'display_url': 'ndtv.com/business/mukes…', 'indices': [76, 99]}]",[],2019-10-28 08:54:54,Twitter Web App,113,16,
"Gold Set For Biggest Yearly Gain Since 2010 As Rock-Bottom Rates Tempt Investors: Poll
https://t.co/mYk8c7esgx",1188702942141931520,"[{'url': 'https://t.co/mYk8c7esgx', 'expanded_url': 'https://www.ndtv.com/business/spot-gold-rate-forecast-2019-gold-rate-set-for-biggest-yearly-gain-since-2010-2123529', 'display_url': 'ndtv.com/business/spot-…', 'indices': [87, 110]}]",[],2019-10-28 06:24:01,Twitter Web App,39,4,
"Petrol, Diesel Prices Unchanged For Second Straight Day
https://t.co/53eDJ4RQgK",1188666693393903616,"[{'url': 'https://t.co/53eDJ4RQgK', 'expanded_url': 'https://www.ndtv.com/business/petrol-diesel-rate-today-october-28-check-todays-prices-of-petrol-and-diesel-in-your-city-here-2123475', 'display_url': 'ndtv.com/business/petro…', 'indices': [56, 79]}]",[],2019-10-28 03:59:58,Twitter Web App,65,7,
"Financial Markets To Remain Shut Today For Govardhan Puja
https://t.co/cklUmpUk52",1188660391779323905,"[{'url': 'https://t.co/cklUmpUk52', 'expanded_url': 'https://www.ndtv.com/business/govardhan-puja-2019-holiday-financial-markets-shut-today-for-govardhan-puja-diwali-balipratipada-2123469', 'display_url': 'ndtv.com/business/govar…', 'indices': [58, 81]}]",[],2019-10-28 03:34:56,Twitter Web App,50,13,
"Diwali Muhurat Session: Sensex, Nifty Begin Samvat 2076 On Positive Note
https://t.co/wgs3u2PQSd",1188456348419125248,"[{'url': 'https://t.co/wgs3u2PQSd', 'expanded_url': 'https://www.ndtv.com/business/diwali-muhurat-session-sensex-nifty-begin-samvat-2076-on-positive-note-2123400', 'display_url': 'ndtv.com/business/diwal…', 'indices': [73, 96]}]",[],2019-10-27 14:04:08,Twitter Web App,8,1,
"Muhurat Trading Session To Begin Shortly. Catch LIVE Market Updates Here
https://t.co/niF9yUX9Mo",1188433408168349696,"[{'url': 'https://t.co/niF9yUX9Mo', 'expanded_url': 'https://www.ndtv.com/business/muhurat-trading-session-live-market-update-sensex-nifty-sensex-nifty-give-10-return-in-samvat-2075-2123379', 'display_url': 'ndtv.com/business/muhur…', 'indices': [73, 96]}]",[],2019-10-27 12:32:59,Twitter Web App,3,0,
"Samvat 2076: Here Are More Than 20 Stocks Brokerages Are Betting On This Diwali
https://t.co/x1zUDJB43J",1188426072267771905,"[{'url': 'https://t.co/x1zUDJB43J', 'expanded_url': 'https://www.ndtv.com/business/diwali-picks-2019-analysts-share-their-top-stock-picks-for-muhurat-trading-2019-share-market-tips-2123374', 'display_url': 'ndtv.com/business/diwal…', 'indices': [80, 103]}]",[],2019-10-27 12:03:50,Twitter Web App,8,0,
"Petrol, Diesel Prices On Hold After Three Days Of Reduction
https://t.co/v2xUbR9Jdz",1188420085246910465,"[{'url': 'https://t.co/v2xUbR9Jdz', 'expanded_url': 'https://www.ndtv.com/business/petrol-diesel-price-today-petrol-price-at-72-98-per-litre-diesel-at-65-95-per-litre-in-delhi-today-2123350', 'display_url': 'ndtv.com/business/petro…', 'indices': [60, 83]}]",[],2019-10-27 11:40:02,Twitter Web App,65,4,
"""RBI Has Not Sold Any Gold"": Central Bank On Reports It Traded Yellow Metal
https://t.co/wxu0l0z4gn",1188383440791490560,"[{'url': 'https://t.co/wxu0l0z4gn', 'expanded_url': 'https://www.ndtv.com/business/rbi-has-not-sold-any-gold-central-bank-on-reports-it-sold-gold-reserves-2123332', 'display_url': 'ndtv.com/business/rbi-h…', 'indices': [76, 99]}]",[],2019-10-27 09:14:26,Twitter Web App,83,10,
"Muhurat Trading 2019: BSE, NSE To Conduct Special One-Hour Trading Session Today. Check Timings Here
https://t.co/I0ZUjQcnZb",1188346202800062465,"[{'url': 'https://t.co/I0ZUjQcnZb', 'expanded_url': 'https://www.ndtv.com/business/muhurat-trading-timings-2019-diwali-bse-nse-to-conduct-special-muhurat-trading-today-diwali-2019-2123294', 'display_url': 'ndtv.com/business/muhur…', 'indices': [101, 124]}]",[],2019-10-27 06:46:27,Twitter Web App,36,1,
ICICI Bank Posts Rs 655 Crore Profit In September Quarter https://t.co/EXKchPhEbS,1188032631675346944,"[{'url': 'https://t.co/EXKchPhEbS', 'expanded_url': 'https://www.ndtv.com/business/icici-bank-q2-earnings-icici-bank-reports-profit-of-rs-650-crore-for-july-september-period-2123049', 'display_url': 'ndtv.com/business/icici…', 'indices': [58, 81]}]",[],2019-10-26 10:00:26,Twitter Web App,82,9,
"Gold Demand Lights Up On Dhanteras, Diwali
https://t.co/L9jPE17cLo",1187752027302047747,"[{'url': 'https://t.co/L9jPE17cLo', 'expanded_url': 'https://www.ndtv.com/business/dhanteras-news-gold-demand-lights-up-on-dhanteras-diwali-2122804', 'display_url': 'ndtv.com/business/dhant…', 'indices': [43, 66]}]",[],2019-10-25 15:25:25,Twitter Web App,30,4,
"Probe Finds AB InBev, United Breweries Colluded On Prices: Report
https://t.co/0vkjpcQona",1187719258626592768,"[{'url': 'https://t.co/0vkjpcQona', 'expanded_url': 'https://www.ndtv.com/business/probe-finds-ab-inbev-carlsberg-united-breweries-colluded-on-prices-report-2122758', 'display_url': 'ndtv.com/business/probe…', 'indices': [66, 89]}]",[],2019-10-25 13:15:12,Twitter Web App,10,2,
"Foreign Exchange Reserves Cross $440 Billion Mark
https://t.co/KNTaJJRIfI",1187716401059921920,"[{'url': 'https://t.co/KNTaJJRIfI', 'expanded_url': 'https://www.ndtv.com/business/foreign-exchange-reserves-cross-440-billion-mark-2122746', 'display_url': 'ndtv.com/business/forei…', 'indices': [50, 73]}]",[],2019-10-25 13:03:51,Twitter Web App,46,14,
"Tata Motors Reports Loss Of Rs. 1,282 Crore In September Quarter
https://t.co/FLNJXciiae",1187699007918768130,"[{'url': 'https://t.co/FLNJXciiae', 'expanded_url': 'https://www.ndtv.com/business/tata-motors-news-tata-motors-reports-loss-of-rs-1-282-crore-in-september-quarter-2122707', 'display_url': 'ndtv.com/business/tata-…', 'indices': [65, 88]}]",[],2019-10-25 11:54:44,Twitter Web App,73,17,
"Sensex, Nifty End On A Flat Note; SBI Surges After Profit Triples In Q2
https://t.co/H98GeLp9ZI",1187673390510821376,"[{'url': 'https://t.co/H98GeLp9ZI', 'expanded_url': 'https://www.ndtv.com/business/sensex-today-sensex-nifty-end-on-a-flat-note-sbi-surges-after-profit-triples-in-q2-2122637', 'display_url': 'ndtv.com/business/sense…', 'indices': [72, 95]}]",[],2019-10-25 10:12:56,Twitter Web App,18,1,
"Infosys Incentivises Mid-Level Employees By Granting Shares
https://t.co/MaXcVPREfw",1187627272460652544,"[{'url': 'https://t.co/MaXcVPREfw', 'expanded_url': 'https://www.ndtv.com/business/diwaili-bonus-2019-news-infosys-incentivises-mid-level-employees-by-granting-shares-2122485', 'display_url': 'ndtv.com/business/diwai…', 'indices': [60, 83]}]",[],2019-10-25 07:09:41,Twitter Web App,24,3,
"Dhanteras 2019: Jewellers Announce Discounts, Cashbacks On Gold Purchase
https://t.co/F0lfU6kfVy",1187604026805776384,"[{'url': 'https://t.co/F0lfU6kfVy', 'expanded_url': 'https://www.ndtv.com/business/dhanteras-2019-diwali-discount-on-gold-diamond-purchase-pc-jeweller-tanishq-malabar-golds-cashback-2122280', 'display_url': 'ndtv.com/business/dhant…', 'indices': [73, 96]}]",[],2019-10-25 05:37:19,Twitter Web App,36,4,
"Sensex rises over 100 points, Nifty near 11,600; Infosys, ITC, SBI top gainers #Sensex #Nifty #MarketUpdates",1187580706450358272,[],"[{'text': 'Sensex', 'indices': [79, 86]}, {'text': 'Nifty', 'indices': [87, 93]}, {'text': 'MarketUpdates', 'indices': [94, 108]}]",2019-10-25 04:04:39,Twitter Web App,3,4,
"Sensex, Nifty Likely To Open Lower Today; SBI, Tata Motors Shares In Focus
https://t.co/JCuU6zzvJJ",1187566671348695040,"[{'url': 'https://t.co/JCuU6zzvJJ', 'expanded_url': 'https://www.ndtv.com/business/bse-sensex-today-live-share-market-update-sensex-nifty-likely-to-open-lower-sbi-tata-motors-in-focus-2122395', 'display_url': 'ndtv.com/business/bse-s…', 'indices': [75, 98]}]",[],2019-10-25 03:08:53,Twitter Web App,6,1,
Will Explore Ground To File Review Plea: Vodafone-Idea On Supreme Court Order https://t.co/NPS6WJ08dm,1187367789528604673,"[{'url': 'https://t.co/NPS6WJ08dm', 'expanded_url': 'https://www.ndtv.com/business/will-explore-ground-to-file-review-plea-vodafone-idea-on-supreme-court-order-2122247', 'display_url': 'ndtv.com/business/will-…', 'indices': [78, 101]}]",[],2019-10-24 13:58:35,Twitter Web App,24,2,
"IndiGo Posts Rs. 1,066 Crore Loss In September Quarter As Costs Surge https://t.co/4Os33scHtM",1187332532175396865,"[{'url': 'https://t.co/4Os33scHtM', 'expanded_url': 'https://www.ndtv.com/business/indigo-posts-rs-1-066-crore-loss-in-september-quarter-as-costs-surge-indigo-earnings-2122130', 'display_url': 'ndtv.com/business/indig…', 'indices': [70, 93]}]",[],2019-10-24 11:38:29,Twitter Web App,61,16,
"Government May Cut Personal Income Tax, Slabs May Change: Report
https://t.co/S5t4zfVnNY",1187324055105331200,"[{'url': 'https://t.co/S5t4zfVnNY', 'expanded_url': 'https://www.ndtv.com/business/government-may-cut-personal-income-tax-slabs-may-change-report-2122107', 'display_url': 'ndtv.com/business/gover…', 'indices': [65, 88]}]",[],2019-10-24 11:04:48,Twitter Web App,36,6,
"Maruti Suzuki Profit Drops 39% In September Quarter Amid Falling Sales
https://t.co/fihC7CttvO",1187318537330671617,"[{'url': 'https://t.co/fihC7CttvO', 'expanded_url': 'https://www.ndtv.com/business/maruti-suzuki-profit-drops-39-in-september-quarter-amid-falling-sales-2122089', 'display_url': 'ndtv.com/business/marut…', 'indices': [71, 94]}]",[],2019-10-24 10:42:53,Twitter Web App,36,11,
"US Market Regulator Investigates Infosys On Whistleblower Complaints
https://t.co/UJOnJVSDdC",1187219656592936961,"[{'url': 'https://t.co/UJOnJVSDdC', 'expanded_url': 'https://www.ndtv.com/business/us-market-regulator-investigates-infosys-on-whistleblower-complaints-2121782', 'display_url': 'ndtv.com/business/us-ma…', 'indices': [69, 92]}]",[],2019-10-24 04:09:58,Twitter Web App,10,4,
"Nifty Futures Indicate Positive Start For Indian Markets: Live Updates
https://t.co/0voq2oTwHO",1187211429880840193,"[{'url': 'https://t.co/0voq2oTwHO', 'expanded_url': 'https://www.ndtv.com/business/live-market-blog-sensex-nifty-set-to-open-higher-maharashtra-haryana-election-results-earnings-key-t-2121761', 'display_url': 'ndtv.com/business/live-…', 'indices': [71, 94]}]",[],2019-10-24 03:37:16,Twitter Web App,19,3,
"World Bank Rates China, India As 'Most Improved' For Doing Business
https://t.co/DzscGpQMAJ",1187201606900576256,"[{'url': 'https://t.co/DzscGpQMAJ', 'expanded_url': 'https://www.ndtv.com/business/world-bank-rates-china-india-as-most-improved-for-doing-business-2121754', 'display_url': 'ndtv.com/business/world…', 'indices': [68, 91]}]",[],2019-10-24 02:58:14,Twitter Web App,76,17,
"Cabinet Approves Opening Of Fuel Retailing To Non-Oil Companies
https://t.co/9gEcQXJEen",1186976184401182720,"[{'url': 'https://t.co/9gEcQXJEen', 'expanded_url': 'https://www.ndtv.com/business/cabinet-approves-opening-of-fuel-retailing-to-non-oil-companies-2121521', 'display_url': 'ndtv.com/business/cabin…', 'indices': [64, 87]}]",[],2019-10-23 12:02:29,Twitter Web App,36,10,
"Government neither closing nor divesting stake in MTNL, BSNL: Ravi Shankar Prasad",1186960192186896384,[],[],2019-10-23 10:58:57,Twitter Web App,5,1,
"Cabinet approves merger of MTNL and BSNL, says Union Minister Ravi Shankar Prasad",1186959444640321536,[],[],2019-10-23 10:55:58,Twitter Web App,9,3,
"Government will make voluntary retirement scheme more attractive for BSNL, MTNL employees, says Union Minister Ravi Shankar Prasad",1186958748415229952,[],[],2019-10-23 10:53:12,Twitter Web App,14,0,
"MTNL, BSNL not to be privatised, says Union Minister Ravi Shankar Prasad",1186957647490109440,[],[],2019-10-23 10:48:50,Twitter Web App,65,8,
"JSW Steel Profit Jumps 20% To Rs 2,560 Crore In September Quarter
https://t.co/DosxZHNJaL",1186951093902696448,"[{'url': 'https://t.co/DosxZHNJaL', 'expanded_url': 'https://www.ndtv.com/business/jsw-steel-share-price-jsw-steel-earnings-jsw-steel-september-quarter-profit-jumps-to-rs-2-560-crore-2121445', 'display_url': 'ndtv.com/business/jsw-s…', 'indices': [66, 89]}]",[],2019-10-23 10:22:47,Twitter Web App,6,2,
"Sensex, Nifty End Higher; Infosys Rebounds After Worst Day In Six Years
https://t.co/7NtTlPiLGp",1186948185945559040,"[{'url': 'https://t.co/7NtTlPiLGp', 'expanded_url': 'https://www.ndtv.com/business/sensex-nifty-today-news-sensex-nifty-end-higher-infosys-rebounds-after-worst-day-in-six-years-2121439', 'display_url': 'ndtv.com/business/sense…', 'indices': [72, 95]}]",[],2019-10-23 10:11:14,Twitter Web App,3,0,
"Risk Of Contagion Rising In India's Financial Sector, Warn Rating Agencies https://t.co/DB11Fvk94i",1186926545400549377,"[{'url': 'https://t.co/DB11Fvk94i', 'expanded_url': 'https://www.ndtv.com/business/risk-of-contagion-rising-in-indias-financial-sector-warn-rating-agencies-standard-poors-2121362', 'display_url': 'ndtv.com/business/risk-…', 'indices': [75, 98]}]",[],2019-10-23 08:45:15,Twitter Web App,4,2,
"Bajaj Auto Profit Rises 22% In September Quarter; Shares Jump
https://t.co/jpsoBsSWoy",1186910703824715776,"[{'url': 'https://t.co/jpsoBsSWoy', 'expanded_url': 'https://www.ndtv.com/business/bajaj-auto-earnings-bajaj-auto-profit-rises-22-in-september-quarter-shares-jump-2121325', 'display_url': 'ndtv.com/business/bajaj…', 'indices': [62, 85]}]",[],2019-10-23 07:42:18,Twitter Web App,18,6,
"Kotak Mahindra Bank, Axis Bank Signal Stress In Their Loan Books
https://t.co/fqTnPnbQXx",1186883865190682624,"[{'url': 'https://t.co/fqTnPnbQXx', 'expanded_url': 'https://www.ndtv.com/business/kotak-mahindra-bank-axis-bank-signal-stress-in-their-loan-books-2121241', 'display_url': 'ndtv.com/business/kotak…', 'indices': [65, 88]}]",[],2019-10-23 05:55:39,Twitter Web App,26,7,
"Infosys Rises Over 1% As Shares Recover Early Losses
https://t.co/yoabKQe4Qa",1186875214564483072,"[{'url': 'https://t.co/yoabKQe4Qa', 'expanded_url': 'https://www.ndtv.com/business/infosys-infy-share-price-infosys-stock-price-recover-early-losses-to-rise-more-than-1-percent-2121194', 'display_url': 'ndtv.com/business/infos…', 'indices': [53, 76]}]",[],2019-10-23 05:21:16,Twitter Web App,15,4,
"Sensex Falls Over 80 Points, Nifty Near 11,550: LIVE Updates
https://t.co/QPv544d02A",1186855768626102272,"[{'url': 'https://t.co/QPv544d02A', 'expanded_url': 'https://www.ndtv.com/business/bse-sensex-today-live-market-update-nifty-likely-to-open-flat-axis-bank-infosys-shares-in-focus-2121147', 'display_url': 'ndtv.com/business/bse-s…', 'indices': [61, 84]}]",[],2019-10-23 04:04:00,Twitter Web App,16,2,
"Sensex falls over 80 points, Nifty near 11,550 as markets give up early gains; Yes Bank, Tata Motors top losers… https://t.co/tlo14xi6Bm",1186855656923381761,"[{'url': 'https://t.co/tlo14xi6Bm', 'expanded_url': 'https://twitter.com/i/web/status/1186855656923381761', 'display_url': 'twitter.com/i/web/status/1…', 'indices': [113, 136]}]",[],2019-10-23 04:03:33,Twitter Web App,15,4,
"Sensex, Nifty Likely To Open Flat Today
https://t.co/QPv544d02A",1186841786028711937,"[{'url': 'https://t.co/QPv544d02A', 'expanded_url': 'https://www.ndtv.com/business/bse-sensex-today-live-market-update-nifty-likely-to-open-flat-axis-bank-infosys-shares-in-focus-2121147', 'display_url': 'ndtv.com/business/bse-s…', 'indices': [40, 63]}]",[],2019-10-23 03:08:26,Twitter Web App,29,3,
Oil Imports In September Fall To Lowest Level In Over 3 Years https://t.co/16vKalji7m,1186635444181594112,"[{'url': 'https://t.co/16vKalji7m', 'expanded_url': 'https://www.ndtv.com/business/oil-imports-in-september-fall-to-lowest-level-in-over-3-years-crude-oil-prices-oil-rates-2120981', 'display_url': 'ndtv.com/business/oil-i…', 'indices': [62, 85]}]",[],2019-10-22 13:28:31,Twitter Web App,45,10,
"Sensex, Nifty Snap Six-Day Winning Streak Led By Losses In Infosys
https://t.co/rqttFUYSj6",1186585560376172545,"[{'url': 'https://t.co/rqttFUYSj6', 'expanded_url': 'https://www.ndtv.com/business/sensex-nifty-today-sensex-nifty-snap-six-day-winning-streak-led-by-losses-in-infosys-2120839', 'display_url': 'ndtv.com/business/sense…', 'indices': [67, 90]}]",[],2019-10-22 10:10:17,Twitter Web App,38,6,
Bajaj Finance Profit Rises 50% In September Quarter https://t.co/Bz3OBiKm1v,1186565526212005888,"[{'url': 'https://t.co/Bz3OBiKm1v', 'expanded_url': 'https://www.ndtv.com/business/bajaj-finance-september-quarter-earnings-bajaj-finance-profit-rises-50-in-september-quarter-2120771', 'display_url': 'ndtv.com/business/bajaj…', 'indices': [52, 75]}]",[],2019-10-22 08:50:41,Twitter Web App,24,4,
"Sensex, Nifty Likely To Open Lower Today; Infosys Shares In Focus
https://t.co/Uneqi9kdjl",1186483961112907776,"[{'url': 'https://t.co/Uneqi9kdjl', 'expanded_url': 'https://www.ndtv.com/business/bse-sensex-today-stock-market-live-updates-sensex-nifty-likely-to-open-lower-infosys-shares-in-focus-2120574', 'display_url': 'ndtv.com/business/bse-s…', 'indices': [66, 89]}]",[],2019-10-22 03:26:34,Twitter Web App,32,6,
"Infosys Takes Worst Dive In 6 Years After Whistleblowers Target CEO
https://t.co/hvBvnJ0Prf",1186483047287312384,"[{'url': 'https://t.co/hvBvnJ0Prf', 'expanded_url': 'https://www.ndtv.com/business/infosys-share-price-infosys-takes-worst-dive-in-6-years-after-whistleblowers-target-ceo-salil-parekh-2120583', 'display_url': 'ndtv.com/business/infos…', 'indices': [68, 91]}]",[],2019-10-22 03:22:56,Twitter Web App,47,7,
US-Listed Shares Of Infosys Fall Nearly 16% After Whistleblower Complaints https://t.co/hwzv6YXah6,1186309927209291777,"[{'url': 'https://t.co/hwzv6YXah6', 'expanded_url': 'https://www.ndtv.com/business/infosys-shares-price-us-listed-shares-of-infosys-fall-nearly-16-after-whistleblower-complaints-2120456?fb', 'display_url': 'ndtv.com/business/infos…', 'indices': [75, 98]}]",[],2019-10-21 15:55:01,Twitter Web App,16,5,
Will Gold Demand Surge This Dhanteras? Here's What Experts Say https://t.co/0piR9VVmKL,1186293294982021120,"[{'url': 'https://t.co/0piR9VVmKL', 'expanded_url': 'https://www.ndtv.com/business/gold-buying-investment-this-dhanteras-diwali-will-gold-demand-rise-this-festival-prices-discounts-2120436', 'display_url': 'ndtv.com/business/gold-…', 'indices': [63, 86]}]",[],2019-10-21 14:48:56,Twitter Web App,40,4,
"Banking Operations To Be Hit On Tuesday As Employees To Go On Strike
https://t.co/uI5k0HANFP",1186272379841867776,"[{'url': 'https://t.co/uI5k0HANFP', 'expanded_url': 'https://www.ndtv.com/business/bank-strike-news-banking-operations-to-be-hit-on-tuesday-as-employees-to-go-on-strike-2120421', 'display_url': 'ndtv.com/business/bank-…', 'indices': [69, 92]}]",[],2019-10-21 13:25:49,Twitter Web App,56,20,
All You Need To Know About Jio “All-In-One” Plans https://t.co/rDG9Pc5DCz,1186203455494508544,"[{'url': 'https://t.co/rDG9Pc5DCz', 'expanded_url': 'https://www.ndtv.com/business/jio-new-all-in-one-plans-reliance-jio-launches-all-in-one-plans-at-rs-222-rs-333-rs-444-2120238', 'display_url': 'ndtv.com/business/jio-n…', 'indices': [50, 73]}]",[],2019-10-21 08:51:57,Twitter Web App,21,4,
"Rural India's Consumption Slows To Seven-Year-Low: Nielsen
https://t.co/f32z1GxzB8",1186185069565640704,"[{'url': 'https://t.co/f32z1GxzB8', 'expanded_url': 'https://www.ndtv.com/business/rural-indias-consumption-slows-to-seven-year-low-nielsen-2120198', 'display_url': 'ndtv.com/business/rural…', 'indices': [59, 82]}]",[],2019-10-21 07:38:53,Twitter Web App,55,13,
"China, India Top List Of 20 Drivers Of Growth in 2024, US At Number 3
https://t.co/oyhsDp8F0u",1186147973522055168,"[{'url': 'https://t.co/oyhsDp8F0u', 'expanded_url': 'https://www.ndtv.com/business/global-economic-growth-news-china-india-top-list-of-20-drivers-of-growth-in-2024-us-at-number-3-2120089', 'display_url': 'ndtv.com/business/globa…', 'indices': [70, 93]}]",[],2019-10-21 05:11:29,Twitter Web App,47,6,
Strike On October 22 May Impact Operations Of These Banks https://t.co/DcPkGdI9JZ,1185845365523640320,"[{'url': 'https://t.co/DcPkGdI9JZ', 'expanded_url': 'https://www.ndtv.com/business/bank-strike-on-tuesday-october-22-bank-strike-bank-schedule-bank-holidays-in-october-2019-2119779', 'display_url': 'ndtv.com/business/bank-…', 'indices': [58, 81]}]",[],2019-10-20 09:09:01,Twitter Web App,38,6,
"Brexit Vote, Earnings To Guide Markets Ahead, Say Experts https://t.co/W1yWBnMWzq",1185815728319938560,"[{'url': 'https://t.co/W1yWBnMWzq', 'expanded_url': 'https://www.ndtv.com/business/market-outlook-brexit-vote-earnings-to-guide-markets-ahead-say-experts-sensex-nifty-2119763', 'display_url': 'ndtv.com/business/marke…', 'indices': [58, 81]}]",[],2019-10-20 07:11:15,Twitter Web App,24,1,
SBI May Post Impressive Earnings On Steady Performance: Experts https://t.co/tWgjJbObdD,1185811849800929280,"[{'url': 'https://t.co/tWgjJbObdD', 'expanded_url': 'https://www.ndtv.com/business/sbi-may-post-impressive-earnings-on-steady-performance-experts-sbi-september-quarter-results-2119737', 'display_url': 'ndtv.com/business/sbi-m…', 'indices': [64, 87]}]",[],2019-10-20 06:55:50,Twitter Web App,10,1,
"HDFC Bank Net Profit Rises 27% In September Quarter; Asset Quality Stable
https://t.co/LsaDZ28hiz",1185517983486992384,"[{'url': 'https://t.co/LsaDZ28hiz', 'expanded_url': 'https://www.ndtv.com/business/hdfc-bank-net-profit-rises-27-in-september-quarter-asset-quality-stable-2119506', 'display_url': 'ndtv.com/business/hdfc-…', 'indices': [74, 97]}]",[],2019-10-19 11:28:07,Twitter Web App,58,14,
"Nirmala Sitharaman Calls For 'Concerted Action' Against Slowdown at IMF
https://t.co/VgvuBMgBPX",1185453882312294400,"[{'url': 'https://t.co/VgvuBMgBPX', 'expanded_url': 'https://www.ndtv.com/business/nirmala-sitharaman-calls-for-concerted-action-against-slowdown-at-imf-2119392', 'display_url': 'ndtv.com/business/nirma…', 'indices': [72, 95]}]",[],2019-10-19 07:13:24,Twitter Web App,68,7,
"IMF Says Corporate Income Tax Cut Will Help Revive Investment In India
https://t.co/060HuDiA5a",1185428556320428035,"[{'url': 'https://t.co/060HuDiA5a', 'expanded_url': 'https://www.ndtv.com/business/imf-says-corporate-income-tax-cut-will-help-revive-investment-in-india-2119339', 'display_url': 'ndtv.com/business/imf-s…', 'indices': [71, 94]}]",[],2019-10-19 05:32:46,Twitter Web App,46,9,
"Market Regulator Tightens Norms For Resignation Of Auditors
https://t.co/n78WAoOfUu",1185427208019402752,"[{'url': 'https://t.co/n78WAoOfUu', 'expanded_url': 'https://www.ndtv.com/business/market-regulator-tightens-norms-for-resignation-of-auditors-2119334', 'display_url': 'ndtv.com/business/marke…', 'indices': [60, 83]}]",[],2019-10-19 05:27:25,Twitter Web App,6,1,
"Commerce Minister Suggests 'Probe' On E-Commerce Firms
https://t.co/QGLMzrXGWG",1185424348749819905,"[{'url': 'https://t.co/QGLMzrXGWG', 'expanded_url': 'https://www.ndtv.com/business/commerce-minister-suggests-probe-on-e-commerce-firms-2119328', 'display_url': 'ndtv.com/business/comme…', 'indices': [55, 78]}]",[],2019-10-19 05:16:03,Twitter Web App,4,3,
"Jio Profit At Rs 990 Crore In September Quarter, User Base Crosses 35 Crore
https://t.co/wSjZyoDJ6O",1185191950237876225,"[{'url': 'https://t.co/wSjZyoDJ6O', 'expanded_url': 'https://www.ndtv.com/business/jio-profit-q2-reliance-jio-infocomm-earnings-reliance-jio-reports-earnings-for-july-september-2019-2119090', 'display_url': 'ndtv.com/business/jio-p…', 'indices': [76, 99]}]",[],2019-10-18 13:52:35,Twitter Web App,47,8,
"Reliance Industries Profit Rises 18% To Rs. 11,262 Crore In September Quarter
https://t.co/uQu5MCoS2O",1185182470615920640,"[{'url': 'https://t.co/uQu5MCoS2O', 'expanded_url': 'https://www.ndtv.com/business/reliance-industries-ril-mukesh-ambani-news-reliance-industries-profit-ril-september-results-reliance-2119012', 'display_url': 'ndtv.com/business/relia…', 'indices': [78, 101]}]",[],2019-10-18 13:14:55,Twitter Web App,144,28,
"RBI Signals Scope For More Rate Cuts To Push Growth
https://t.co/npXe2MmHyC",1185180854848344066,"[{'url': 'https://t.co/npXe2MmHyC', 'expanded_url': 'https://www.ndtv.com/business/rbi-news-reserve-bank-of-india-repo-rate-rbi-signals-scope-for-more-rate-cuts-to-boost-growth-2119108', 'display_url': 'ndtv.com/business/rbi-n…', 'indices': [52, 75]}]",[],2019-10-18 13:08:30,Twitter Web App,24,6,
"Government To Take More Steps To Boost Growth: Chief Economic Adviser
https://t.co/KNnbCEn3XK",1185171732530774016,"[{'url': 'https://t.co/KNnbCEn3XK', 'expanded_url': 'https://www.ndtv.com/business/government-to-take-more-steps-to-boost-consumer-demand-growth-chief-economic-adviser-2119087', 'display_url': 'ndtv.com/business/gover…', 'indices': [70, 93]}]",[],2019-10-18 12:32:15,Twitter Web App,32,3,
"Sensex, Nifty Gain For Sixth Day In A Row Led By Reliance Industries
https://t.co/qihTNSyAVm",1185136205177868289,"[{'url': 'https://t.co/qihTNSyAVm', 'expanded_url': 'https://www.ndtv.com/business/sensex-nifty-today-sensex-nifty-gain-for-sixth-day-in-a-row-led-by-reliance-industries-2118974', 'display_url': 'ndtv.com/business/sense…', 'indices': [69, 92]}]",[],2019-10-18 10:11:04,Twitter Web App,23,2,
"Reliance Industries Shares Hit New 52-Week High Ahead Of Earnings Announcement
https://t.co/44eQ1QBhgY",1185071392376541184,"[{'url': 'https://t.co/44eQ1QBhgY', 'expanded_url': 'https://www.ndtv.com/business/reliance-industries-share-price-market-value-ril-shares-hit-52-week-high-market-cap-rs-9-lakh-crore-2118777', 'display_url': 'ndtv.com/business/relia…', 'indices': [79, 102]}]",[],2019-10-18 05:53:32,Twitter Web App,17,7,
"Sensex Rises Over 100 Points, Nifty Crosses 11,600 As Markets Recover Early Losses: LIVE Updates
https://t.co/aoPbFg6T8g",1185046459885879299,"[{'url': 'https://t.co/aoPbFg6T8g', 'expanded_url': 'https://www.ndtv.com/business/bse-sensex-today-live-market-update-sensex-nifty-likely-to-open-lower-reliance-ril-earnings-in-focus-2118702', 'display_url': 'ndtv.com/business/bse-s…', 'indices': [97, 120]}]",[],2019-10-18 04:14:27,Twitter Web App,25,4,
"Sensex rises nearly 100 points, Nifty hits 11,600 as markets recover early losses; UltraTech Cement, Yes Bank top g… https://t.co/gyZDzTlQTO",1185044173474283520,"[{'url': 'https://t.co/gyZDzTlQTO', 'expanded_url': 'https://twitter.com/i/web/status/1185044173474283520', 'display_url': 'twitter.com/i/web/status/1…', 'indices': [117, 140]}]",[],2019-10-18 04:05:22,Twitter Web App,17,5,
Jet Airways First Indian Company To Face Cross-Border Insolvency: Report https://t.co/WdIQ0EnTaD,1184863164065693698,"[{'url': 'https://t.co/WdIQ0EnTaD', 'expanded_url': 'https://www.ndtv.com/business/jet-airways-first-indian-company-to-face-cross-border-insolvency-report-2118571', 'display_url': 'ndtv.com/business/jet-a…', 'indices': [73, 96]}]",[],2019-10-17 16:06:06,Twitter Web App,40,6,
"Sensex, Nifty End At Three-Week Highs As Markets Extend Gains To 5th Day: 10 Things To Know
https://t.co/Ql1pcwfxtL",1184796288027709440,"[{'url': 'https://t.co/Ql1pcwfxtL', 'expanded_url': 'https://www.ndtv.com/business/bse-sensex-today-market-updates-sensex-nifty-extend-gains-to-fifth-straight-day-banking-stocks-surge-2118365', 'display_url': 'ndtv.com/business/bse-s…', 'indices': [92, 115]}]",[],2019-10-17 11:40:22,Twitter Web App,7,2,
Bank Employee Unions Call Strike To Protest Against Mergers: 10 Things To Know https://t.co/Mu5TXqn8qs,1184791263666556930,"[{'url': 'https://t.co/Mu5TXqn8qs', 'expanded_url': 'https://www.ndtv.com/business/bank-strike-date-banks-holidays-banks-shut-on-october-22-banks-schedule-in-october-2019-2118382', 'display_url': 'ndtv.com/business/bank-…', 'indices': [79, 102]}]",[],2019-10-17 11:20:24,Twitter Web App,25,7,
"Sensex Jumps Over 350 Points, Nifty Hits 11,550 As Banking Stocks Surge
https://t.co/TRase6nZ8I",1184748524371472385,"[{'url': 'https://t.co/TRase6nZ8I', 'expanded_url': 'https://www.ndtv.com/business/bse-sensex-today-stock-market-updates-sensex-jumps-over-350-points-nifty-hits-11550-bank-stocks-rise-2118301', 'display_url': 'ndtv.com/business/bse-s…', 'indices': [72, 95]}]",[],2019-10-17 08:30:34,Twitter Web App,25,2,
"Sensex rises over 300 points, Nifty firm above 11,500; banking stocks lead gains #Sensex #Nifty #MarketUpdates",1184746017394167808,[],"[{'text': 'Sensex', 'indices': [81, 88]}, {'text': 'Nifty', 'indices': [89, 95]}, {'text': 'MarketUpdates', 'indices': [96, 110]}]",2019-10-17 08:20:36,Twitter Web App,11,1,
"12 Big Economies Failing In Budget Spending For Growth, India On List: Report
https://t.co/QL5L2wmhXt",1184721040649252864,"[{'url': 'https://t.co/QL5L2wmhXt', 'expanded_url': 'https://www.ndtv.com/business/12-big-economies-failing-in-budget-spending-for-growth-india-on-list-report-2118188', 'display_url': 'ndtv.com/business/12-bi…', 'indices': [78, 101]}]",[],2019-10-17 06:41:21,Twitter Web App,23,4,
"Microsoft CEO Satya Nadella Gets 66% Pay Hike In Fiscal Year 2019, Takes Home $42.9 Million
https://t.co/sqg4q8Z0KJ",1184698543631503360,"[{'url': 'https://t.co/sqg4q8Z0KJ', 'expanded_url': 'https://www.ndtv.com/business/microsoft-ceo-satya-nadella-salary-gets-66-salary-raise-in-fiscal-year-2019-2118138', 'display_url': 'ndtv.com/business/micro…', 'indices': [92, 115]}]",[],2019-10-17 05:11:58,Twitter Web App,88,18,
"Sensex Rises Over 100 Points, Nifty Hits 11,480
https://t.co/xmEYm9AFjb",1184681187001819138,"[{'url': 'https://t.co/xmEYm9AFjb', 'expanded_url': 'https://www.ndtv.com/business/bse-sensex-today-live-market-updates-sensex-nifty-likely-to-open-flat-today-track-latest-updates-2118098', 'display_url': 'ndtv.com/business/bse-s…', 'indices': [48, 71]}]",[],2019-10-17 04:02:59,Twitter Web App,10,3,
"Sensex rises over 100 points, Nifty touches 11,480; Eicher Motors, Yes Bank, HDFC top gainers #Sensex #Nifty #MarketUpdates",1184680889470476288,[],"[{'text': 'Sensex', 'indices': [94, 101]}, {'text': 'Nifty', 'indices': [102, 108]}, {'text': 'MarketUpdates', 'indices': [109, 123]}]",2019-10-17 04:01:49,Twitter Web App,10,2,
Reliance Jio's Value Proposition Strong Despite Charge: Merrill Lynch https://t.co/yYopOkd41k,1184496218077949954,"[{'url': 'https://t.co/yYopOkd41k', 'expanded_url': 'https://www.ndtv.com/business/reliance-jio-remains-cheapest-offering-despite-6-paise-iuc-charge-merrill-lynch-2117978', 'display_url': 'ndtv.com/business/relia…', 'indices': [70, 93]}]",[],2019-10-16 15:47:59,Twitter Web App,28,3,
Banking Operations May Be Hit On October 22 Due To Strike: Bank Of Baroda https://t.co/pwK2jt1wNh,1184463858519265281,"[{'url': 'https://t.co/pwK2jt1wNh', 'expanded_url': 'https://www.ndtv.com/business/bank-strike-bank-holidays-in-october-2019-banks-closed-on-these-days-bank-schedule-2117920', 'display_url': 'ndtv.com/business/bank-…', 'indices': [74, 97]}]",[],2019-10-16 13:39:24,Twitter Web App,42,7,
Slowing Bank Lending Overshadows Economic Rebound Hopes: Report https://t.co/Q5miGpvsyi,1184425387612196865,"[{'url': 'https://t.co/Q5miGpvsyi', 'expanded_url': 'https://www.ndtv.com/business/slowing-bank-lending-overshadows-economic-rebound-hopes-report-2117799', 'display_url': 'ndtv.com/business/slowi…', 'indices': [64, 87]}]",[],2019-10-16 11:06:32,Twitter Web App,46,15,
"Sensex, Nifty Gain For Fourth Day In A row Led By HDFC, Reliance Industries
https://t.co/NiBdTfVMGH",1184410791451082752,"[{'url': 'https://t.co/NiBdTfVMGH', 'expanded_url': 'https://www.ndtv.com/business/sensex-news-sensex-nifty-gain-for-fourth-day-in-a-row-led-by-hdfc-reliance-industries-2117754', 'display_url': 'ndtv.com/business/sense…', 'indices': [76, 99]}]",[],2019-10-16 10:08:32,Twitter Web App,18,4,
Fuel Demand Fell 0.1% In September https://t.co/OZJDt0H7QU,1184398614426091521,"[{'url': 'https://t.co/OZJDt0H7QU', 'expanded_url': 'https://www.ndtv.com/business/fuel-demand-fell-0-1-in-september-2117715', 'display_url': 'ndtv.com/business/fuel-…', 'indices': [35, 58]}]",[],2019-10-16 09:20:09,Twitter Web App,9,1,
"Bank Of Maharashtra Complains Of Fake News About Financials
https://t.co/aquvyK4mwY",1184397915046862848,"[{'url': 'https://t.co/aquvyK4mwY', 'expanded_url': 'https://www.ndtv.com/business/bank-of-maharashtra-complains-of-fake-news-about-financials-2117714', 'display_url': 'ndtv.com/business/bank-…', 'indices': [60, 83]}]",[],2019-10-16 09:17:22,Twitter Web App,40,4,
"India To Grow 7% In 2020 As Bottlenecks Clear Up: IMF Chief Economist Gita Gopinath
https://t.co/FjAi15IDi4",1184360639482875905,"[{'url': 'https://t.co/FjAi15IDi4', 'expanded_url': 'https://www.ndtv.com/business/india-to-recover-to-7-growth-in-2020-imf-chief-economist-gita-gopinath-2117600', 'display_url': 'ndtv.com/business/india…', 'indices': [84, 107]}]",[],2019-10-16 06:49:15,Twitter Web App,126,19,
"Wipro Shares Gain After Its Profit Rises 7% In September Quarter
https://t.co/lRIDQwkqUV",1184353027613872128,"[{'url': 'https://t.co/lRIDQwkqUV', 'expanded_url': 'https://www.ndtv.com/business/wipro-share-news-wipro-shares-gain-after-its-profit-rises-7-in-september-quarter-2117579', 'display_url': 'ndtv.com/business/wipro…', 'indices': [65, 88]}]",[],2019-10-16 06:19:00,Twitter Web App,20,4,
"""No Negative Feedback, Full Confidence India Will Welcome Huawei"": CEO
https://t.co/zSYFQQlpkk",1184348025075814400,"[{'url': 'https://t.co/zSYFQQlpkk', 'expanded_url': 'https://www.ndtv.com/business/no-negative-feedback-full-confidence-india-will-welcome-huawei-ceo-2117564', 'display_url': 'ndtv.com/business/no-ne…', 'indices': [71, 94]}]",[],2019-10-16 05:59:07,Twitter Web App,19,7,
"Sensex Rises Over 150 Points, Nifty Crosses 11,450: LIVE Market Updates
https://t.co/BgmRfmLv1I",1184318508655505408,"[{'url': 'https://t.co/BgmRfmLv1I', 'expanded_url': 'https://www.ndtv.com/business/bse-sensex-today-live-market-updates-sensex-nifty-likely-to-open-higher-wipro-share-price-in-focus-2117489', 'display_url': 'ndtv.com/business/bse-s…', 'indices': [72, 95]}]",[],2019-10-16 04:01:50,Twitter Web App,15,2,
"Sensex rises over 150 points, Nifty moves above 11,450; financial, energy stocks lead gains #Sensex #Nifty #MarketUpdates",1184318124641796096,[],"[{'text': 'Sensex', 'indices': [92, 99]}, {'text': 'Nifty', 'indices': [100, 106]}, {'text': 'MarketUpdates', 'indices': [107, 121]}]",2019-10-16 04:00:19,Twitter Web App,27,6,
"India Retains World's Fastest-Growing Rank, Tying With China: IMF https://t.co/b1kicaoPY7",1184115470690992128,"[{'url': 'https://t.co/b1kicaoPY7', 'expanded_url': 'https://www.ndtv.com/business/india-retains-worlds-fastest-growing-rank-tying-with-china-imf-2117344', 'display_url': 'ndtv.com/business/india…', 'indices': [66, 89]}]",[],2019-10-15 14:35:02,Twitter Web App,59,11,
"Exports Dip 6.57% In September, Trade Deficit Narrows https://t.co/Xtw5uUqZ5q",1184110044012376064,"[{'url': 'https://t.co/Xtw5uUqZ5q', 'expanded_url': 'https://www.ndtv.com/business/exports-dip-6-57-in-september-trade-deficit-narrows-2117339', 'display_url': 'ndtv.com/business/expor…', 'indices': [54, 77]}]",[],2019-10-15 14:13:28,Twitter Web App,30,4,
"Sensex, Nifty Rise For Third Day In A Row Led By Auto, Banking Shares
https://t.co/uMW4NGZwiF",1184078473351974914,"[{'url': 'https://t.co/uMW4NGZwiF', 'expanded_url': 'https://www.ndtv.com/business/sensex-nifty-for-third-day-in-a-row-led-by-auto-banking-shares-2117172', 'display_url': 'ndtv.com/business/sense…', 'indices': [70, 93]}]",[],2019-10-15 12:08:01,Twitter Web App,15,4,
"Wipro Reports Profit Of Rs 2,553 Crore In September Quarter
https://t.co/431Y6QYvat",1184059049899249664,"[{'url': 'https://t.co/431Y6QYvat', 'expanded_url': 'https://www.ndtv.com/business/wipro-share-price-wipro-q2-earnings-wipro-reports-earnings-for-july-september-period-2117142', 'display_url': 'ndtv.com/business/wipro…', 'indices': [60, 83]}]",[],2019-10-15 10:50:50,Twitter Web App,32,5,
SBI Savings Accounts To Fetch Lesser Interest From November 1 https://t.co/ZeUPrWfFSl,1184046732474077184,"[{'url': 'https://t.co/ZeUPrWfFSl', 'expanded_url': 'https://www.ndtv.com/business/sbi-interest-rates-on-savings-accounts-revised-latest-sbi-rates-in-october-november-2019-2117140', 'display_url': 'ndtv.com/business/sbi-i…', 'indices': [62, 85]}]",[],2019-10-15 10:01:54,Twitter Web App,2,2,
"Flipkart , Amazon Festive Discounts Under Lens After Retailer Complaints
https://t.co/5ACkcKb3md",1184043417292042240,"[{'url': 'https://t.co/5ACkcKb3md', 'expanded_url': 'https://www.ndtv.com/business/flipkart-amazon-festive-discounts-under-lens-after-retailer-complaints-2117153', 'display_url': 'ndtv.com/business/flipk…', 'indices': [73, 96]}]",[],2019-10-15 09:48:43,Twitter Web App,22,3,
"Sensex Jumps Over 300 Points, Nifty Tops 11,400 As Markets Rise For Third Straight Day
https://t.co/NG5Q7Feelo",1184012630580555776,"[{'url': 'https://t.co/NG5Q7Feelo', 'expanded_url': 'https://www.ndtv.com/business/bse-sensex-today-share-market-today-sensex-jumps-over-300-points-nifty-tops-11-400-2117032', 'display_url': 'ndtv.com/business/bse-s…', 'indices': [87, 110]}]",[],2019-10-15 07:46:23,Twitter Web App,27,2,
"Petrol, Diesel Prices Cut By 5 Paise Across Metros. Check Prices Here
https://t.co/q7srXVGJFv",1184005497902501888,"[{'url': 'https://t.co/q7srXVGJFv', 'expanded_url': 'https://www.ndtv.com/business/petrol-diesel-prices-today-petrol-diesel-prices-cut-by-5-paise-across-metros-check-prices-here-2117025', 'display_url': 'ndtv.com/business/petro…', 'indices': [70, 93]}]",[],2019-10-15 07:18:03,Twitter Web App,22,5,
"Attached Properties Of Amrapali Group To Be Auctioned, Says Supreme Court
https://t.co/cwVV8omwT3",1183970725733908480,"[{'url': 'https://t.co/cwVV8omwT3', 'expanded_url': 'https://www.ndtv.com/business/attached-properties-of-amrapali-group-to-be-auctioned-says-supreme-court-2116906', 'display_url': 'ndtv.com/business/attac…', 'indices': [74, 97]}]",[],2019-10-15 04:59:52,Twitter Web App,22,8,
"Sensex Rises Over 100 Points, Nifty Above 11,350
https://t.co/E55JEIAFFe",1183956626308358145,"[{'url': 'https://t.co/E55JEIAFFe', 'expanded_url': 'https://www.ndtv.com/business/bse-sensex-today-share-market-live-updates-sensex-nifty-likely-to-open-higher-wipro-kotak-in-focus-2116856', 'display_url': 'ndtv.com/business/bse-s…', 'indices': [49, 72]}]",[],2019-10-15 04:03:51,Twitter Web App,5,4,
"Sensex rises over 100 points, Nifty moves above 11,350; Hindustan Unilever, Yes Bank, Britannia top gainers #Sensex #Nifty #MarketUpdates",1183956235206287360,[],"[{'text': 'Sensex', 'indices': [108, 115]}, {'text': 'Nifty', 'indices': [116, 122]}, {'text': 'MarketUpdates', 'indices': [123, 137]}]",2019-10-15 04:02:17,Twitter Web App,25,5,
"Sensex, Nifty Likely To Open Higher Today
https://t.co/E55JEIAFFe",1183943454184787968,"[{'url': 'https://t.co/E55JEIAFFe', 'expanded_url': 'https://www.ndtv.com/business/bse-sensex-today-share-market-live-updates-sensex-nifty-likely-to-open-higher-wipro-kotak-in-focus-2116856', 'display_url': 'ndtv.com/business/bse-s…', 'indices': [42, 65]}]",[],2019-10-15 03:11:30,Twitter Web App,40,5,
5G May Add 0.35-0.5% To GDP By 2025: Report https://t.co/DcZdkSVSGh,1183776989200580617,"[{'url': 'https://t.co/DcZdkSVSGh', 'expanded_url': 'https://www.ndtv.com/business/5g-may-add-0-35-0-5-to-gdp-by-2025-report-2116751', 'display_url': 'ndtv.com/business/5g-ma…', 'indices': [44, 67]}]",[],2019-10-14 16:10:02,Twitter Web App,20,1,
Moody's Downgrades Indiabulls Housing Finance After RBI's Merger Rejection https://t.co/lsYWW14sik,1183770458425946112,"[{'url': 'https://t.co/lsYWW14sik', 'expanded_url': 'https://www.ndtv.com/business/moodys-downgrades-indiabulls-housing-finance-after-rbis-merger-rejection-2116741', 'display_url': 'ndtv.com/business/moody…', 'indices': [75, 98]}]",[],2019-10-14 15:44:05,Twitter Web App,32,5,
RBI Imposes Rs. 1 Crore Penalty On Lakshmi Vilas Bank https://t.co/hB4sQI1Kwa,1183763929635229698,"[{'url': 'https://t.co/hB4sQI1Kwa', 'expanded_url': 'https://www.ndtv.com/business/rbi-imposes-rs-1-crore-penalty-on-lakshmi-vilas-bank-2116733', 'display_url': 'ndtv.com/business/rbi-i…', 'indices': [54, 77]}]",[],2019-10-14 15:18:08,Twitter Web App,19,6,
"Consumer Inflation Rises To 3.99% In September, Here's What Experts Say https://t.co/fPLu8fBolA",1183746377777442816,"[{'url': 'https://t.co/fPLu8fBolA', 'expanded_url': 'https://www.ndtv.com/business/consumer-inflation-rises-to-3-99-heres-what-experts-say-2116681', 'display_url': 'ndtv.com/business/consu…', 'indices': [72, 95]}]",[],2019-10-14 14:08:24,Twitter Web App,28,8,
"RBI Raises Withdrawal Limit To Rs 40,000 For PMC Bank Account Holders https://t.co/t14EXGHGgy",1183741456000811008,"[{'url': 'https://t.co/t14EXGHGgy', 'expanded_url': 'https://www.ndtv.com/business/pmc-bank-news-rbi-raises-withdrawal-limit-to-rs-40-000-for-pmc-bank-account-holders-2116690', 'display_url': 'ndtv.com/business/pmc-b…', 'indices': [70, 93]}]",[],2019-10-14 13:48:50,Twitter Web App,52,20,
"Retail Inflation Hits 14-Month High Of 3.99% In September
https://t.co/NhPigNJX6z",1183716532158791685,"[{'url': 'https://t.co/NhPigNJX6z', 'expanded_url': 'https://www.ndtv.com/business/cpi-inflation-news-retail-inflation-hits-14-month-high-of-3-99-in-september-2116633', 'display_url': 'ndtv.com/business/cpi-i…', 'indices': [58, 81]}]",[],2019-10-14 12:09:48,Twitter Web App,6,1,
"Hindustan Unilever September Quarter Profit Rises 21%
https://t.co/t4fqrMNAUF",1183697917376225281,"[{'url': 'https://t.co/t4fqrMNAUF', 'expanded_url': 'https://www.ndtv.com/business/hindustan-unilever-results-hindustan-unilever-september-quarter-profit-rises-21-2116585', 'display_url': 'ndtv.com/business/hindu…', 'indices': [54, 77]}]",[],2019-10-14 10:55:50,Twitter Web App,33,6,
"Sensex, Nifty Rise For Second Straight Day; ONGC, Tata Motors Top Gainers
https://t.co/mBFwH2RsQ0",1183686414367477760,"[{'url': 'https://t.co/mBFwH2RsQ0', 'expanded_url': 'https://www.ndtv.com/business/sensex-today-sensex-nifty-rise-for-second-straight-day-ongc-tata-motors-top-gainers-2116556', 'display_url': 'ndtv.com/business/sense…', 'indices': [74, 97]}]",[],2019-10-14 10:10:07,Twitter Web App,3,0,
French Energy Giant Total To Buy 37% Stake In Adani Gas https://t.co/0ZEOUhE1Mv,1183685551976615936,"[{'url': 'https://t.co/0ZEOUhE1Mv', 'expanded_url': 'https://www.ndtv.com/business/french-energy-giant-total-to-buy-37-stake-in-adani-gas-2116547', 'display_url': 'ndtv.com/business/frenc…', 'indices': [56, 79]}]",[],2019-10-14 10:06:42,Twitter Web App,8,0,
"Banks Have Sufficient Liquidity: Finance Minister Nirmala Sitharaman
https://t.co/YuS8DXhjek https://t.co/6CAPSqrKx4",1183678181674405889,"[{'url': 'https://t.co/YuS8DXhjek', 'expanded_url': 'https://www.ndtv.com/business/nirmala-sitharaman-meeting-with-psu-bank-chiefs-banks-have-sufficient-liquidity-nirmala-sitharaman-2116524', 'display_url': 'ndtv.com/business/nirma…', 'indices': [69, 92]}]",[],2019-10-14 09:37:24,Twitter Web App,2,1,
Bank merger process going smoothly: Finance Minister Nirmala Sitharaman after meeting chiefs of state-run banks,1183664240583819265,[],[],2019-10-14 08:42:01,Twitter Web App,28,2,
State-run banks have sufficient liquidity: Finance Ministry,1183662919222882304,[],[],2019-10-14 08:36:45,Twitter Web App,11,2,
"Rs 34,342-crore new term loans disbursed to entrepreneurs: Finance Ministry on loan camps",1183662455337013248,[],[],2019-10-14 08:34:55,Twitter Web App,8,5,
There was sufficient demand for credit seen at outreach camps: Finance Ministry,1183662086921940992,[],[],2019-10-14 08:33:27,Twitter Web App,6,3,
"Credit worth Rs 81,781 crore disbursed by banks in nine days in outreach programme: Finance Ministry",1183661993737089024,[],[],2019-10-14 08:33:05,Twitter Web App,22,2,
"Ex-Truck Driver Becomes A Billionaire With Some Help From Amazon
https://t.co/rtc56KOoFj",1183648313628774400,"[{'url': 'https://t.co/rtc56KOoFj', 'expanded_url': 'https://www.ndtv.com/business/ex-truck-driver-becomes-a-billionaire-with-some-help-from-amazon-2116458', 'display_url': 'ndtv.com/business/ex-tr…', 'indices': [65, 88]}]",[],2019-10-14 07:38:43,Twitter Web App,25,11,
"Wholesale Inflation At 0.33% In September
https://t.co/qIZVTKH2ON",1183634403802484738,"[{'url': 'https://t.co/qIZVTKH2ON', 'expanded_url': 'https://www.ndtv.com/business/wholesale-inflation-wpi-inflation-data-government-releases-wholesale-inflation-data-for-september-2116404', 'display_url': 'ndtv.com/business/whole…', 'indices': [42, 65]}]",[],2019-10-14 06:43:27,Twitter Web App,9,3,
Wholesale inflation eases to 0.33% in September from 1.08% in previous month,1183633920773873664,[],[],2019-10-14 06:41:32,Twitter Web App,15,2,
"Over 200% Spike In Onion Prices Unlikely To Deter RBI From Rate Cuts
https://t.co/SQJoxLK2bD",1183627315290329088,"[{'url': 'https://t.co/SQJoxLK2bD', 'expanded_url': 'https://www.ndtv.com/business/onion-price-news-over-200-spike-in-onion-prices-unlikely-to-deter-rbi-from-rate-cuts-2116385', 'display_url': 'ndtv.com/business/onion…', 'indices': [69, 92]}]",[],2019-10-14 06:15:17,Twitter Web App,21,9,
"iPhone 11 Takes Apple Ahead Of Microsoft In $1-Trillion Market Cap
https://t.co/3Cst8YUlhi",1183619596399415296,"[{'url': 'https://t.co/3Cst8YUlhi', 'expanded_url': 'https://www.ndtv.com/business/apple-market-value-microsoft-market-value-iphone-11-takes-apple-ahead-of-microsoft-in-1-trillion-mar-2116346', 'display_url': 'ndtv.com/business/apple…', 'indices': [67, 90]}]",[],2019-10-14 05:44:37,Twitter Web App,18,5,
"IRCTC Shares More Than Double On Bumper Stock Market Debut
https://t.co/oNfxCE9AcY",1183612113937321984,"[{'url': 'https://t.co/oNfxCE9AcY', 'expanded_url': 'https://www.ndtv.com/business/irctc-indian-railway-catering-and-tourism-corporation-makes-bumper-stock-market-debut-shares-more-th-2116339', 'display_url': 'ndtv.com/business/irctc…', 'indices': [59, 82]}]",[],2019-10-14 05:14:53,Twitter Web App,56,5,
"Is World Economy Facing First Recession Since 2009? Experts Read Signs
https://t.co/V3ZlVF9Tvu",1183605473364234240,"[{'url': 'https://t.co/V3ZlVF9Tvu', 'expanded_url': 'https://www.ndtv.com/business/recession-news-is-world-economy-facing-first-recession-since-2009-experts-read-signs-2116319', 'display_url': 'ndtv.com/business/reces…', 'indices': [71, 94]}]",[],2019-10-14 04:48:29,Twitter Web App,20,1,
"Petrol, Diesel Prices Steady After Three Days Of Reduction https://t.co/Y8wQet4nx3",1183286078003793920,"[{'url': 'https://t.co/Y8wQet4nx3', 'expanded_url': 'https://www.ndtv.com/business/petrol-diesel-prices-on-october-13-fuel-prices-on-sunday-fuel-cost-in-cities-today-2116051', 'display_url': 'ndtv.com/business/petro…', 'indices': [59, 82]}]",[],2019-10-13 07:39:20,Twitter Web App,9,2,
"Inflation Data, Quarterly Results May Keep Equities Jittery, Say Experts https://t.co/EohNXqPxy3",1183261440162942976,"[{'url': 'https://t.co/EohNXqPxy3', 'expanded_url': 'https://www.ndtv.com/business/market-outlook-inflation-data-quarterly-results-may-keep-equities-jittery-say-experts-2116018', 'display_url': 'ndtv.com/business/marke…', 'indices': [73, 96]}]",[],2019-10-13 06:01:25,Twitter Web App,7,0,
"Avenue Supermarts (DMart) Profit Rises 48% In September Quarter
https://t.co/PVGxMBAKBQ",1183013693946155010,"[{'url': 'https://t.co/PVGxMBAKBQ', 'expanded_url': 'https://www.ndtv.com/business/dmart-share-price-dmart-avenue-supermarts-earnings-dmart-reports-rs-323-crore-profit-in-q2-2115830', 'display_url': 'ndtv.com/business/dmart…', 'indices': [64, 87]}]",[],2019-10-12 13:36:58,Twitter Web App,14,3,
"High Gold Prices Fail To Spur Demand As Festival Season Begins
https://t.co/YVyKibtm6j",1182920057367580673,"[{'url': 'https://t.co/YVyKibtm6j', 'expanded_url': 'https://www.ndtv.com/business/gold-price-india-news-high-gold-prices-fail-to-spur-demand-as-festival-season-begins-2115676', 'display_url': 'ndtv.com/business/gold-…', 'indices': [63, 86]}]",[],2019-10-12 07:24:53,Twitter Web App,6,1,
"Here's How Much Balance You Need To Keep In Your SBI Savings Account To Avoid Penalty
https://t.co/eElY2rHH3N",1182900678781325312,"[{'url': 'https://t.co/eElY2rHH3N', 'expanded_url': 'https://www.ndtv.com/business/sbi-minimum-balance-average-monthly-balance-rules-penalty-charges-for-insufficient-balance-explained-2115634', 'display_url': 'ndtv.com/business/sbi-m…', 'indices': [86, 109]}]",[],2019-10-12 06:07:53,Twitter Web App,29,4,
"Petrol, Diesel Prices Lowered For Third Straight Day
https://t.co/McNtsHFwSn",1182887911655530496,"[{'url': 'https://t.co/McNtsHFwSn', 'expanded_url': 'https://www.ndtv.com/business/petrol-diesel-price-cut-for-3rd-day-in-delhi-mumbai-kolkata-chennai-find-out-how-much-you-pay-today-2115620', 'display_url': 'ndtv.com/business/petro…', 'indices': [53, 76]}]",[],2019-10-12 05:17:09,Twitter Web App,5,1,
"Credit Growth Enters Single-Digit Lane As Slump Spreads
https://t.co/xSAAopNDfz",1182676771767873536,"[{'url': 'https://t.co/xSAAopNDfz', 'expanded_url': 'https://www.ndtv.com/business/credit-growth-enters-single-digit-lane-as-slump-spreads-2115463', 'display_url': 'ndtv.com/business/credi…', 'indices': [56, 79]}]",[],2019-10-11 15:18:10,Twitter Web App,4,3,
"Jio Voice Charges May Improve Incumbents' Revenues: CARE
https://t.co/bGiWgOFFL1",1182663082549694464,"[{'url': 'https://t.co/bGiWgOFFL1', 'expanded_url': 'https://www.ndtv.com/business/reliance-jio-news-jio-voice-charges-may-improve-incumbents-revenues-care-2115447', 'display_url': 'ndtv.com/business/relia…', 'indices': [57, 80]}]",[],2019-10-11 14:23:46,Twitter Web App,5,1,
"RBI Central Board Reviews Economic Situation, Co-Operative Banks
https://t.co/6GSDRzni2N",1182661530682306563,"[{'url': 'https://t.co/6GSDRzni2N', 'expanded_url': 'https://www.ndtv.com/business/rbi-central-board-reviews-economic-situation-co-operative-banks-2115444', 'display_url': 'ndtv.com/business/rbi-c…', 'indices': [65, 88]}]",[],2019-10-11 14:17:36,Twitter Web App,28,5,
"Foreign Exchange Reserves At New Life-Time High Of $437.83 Billion
https://t.co/Z4EnkCMkDm",1182659023528714248,"[{'url': 'https://t.co/Z4EnkCMkDm', 'expanded_url': 'https://www.ndtv.com/business/foreign-exchange-reserves-at-new-life-time-high-of-437-83-billion-2115436', 'display_url': 'ndtv.com/business/forei…', 'indices': [67, 90]}]",[],2019-10-11 14:07:38,Twitter Web App,42,8,
"Indiabulls Ventures, Real Estate Approve Share Buyback Plans
https://t.co/u4RnGmjhgM",1182623863177302016,"[{'url': 'https://t.co/u4RnGmjhgM', 'expanded_url': 'https://www.ndtv.com/business/indiabulls-ventures-real-estate-approve-share-buyback-plans-2115352', 'display_url': 'ndtv.com/business/india…', 'indices': [61, 84]}]",[],2019-10-11 11:47:55,Twitter Web App,9,2,
"PMC Bank Depositors Meet Finance Minister Nirmala Sitharaman
https://t.co/QKmg8Mnast",1182620036726345730,"[{'url': 'https://t.co/QKmg8Mnast', 'expanded_url': 'https://www.ndtv.com/business/pmc-bank-news-pmc-bank-depositors-meet-finance-minister-nirmala-sitharaman-2115333', 'display_url': 'ndtv.com/business/pmc-b…', 'indices': [61, 84]}]",[],2019-10-11 11:32:43,Twitter Web App,22,4,
"Infosys Posts 6% Rise In September Quarter Profit, Raises Revenue Guidance
https://t.co/CNKISRiTjn",1182606510582403075,"[{'url': 'https://t.co/CNKISRiTjn', 'expanded_url': 'https://www.ndtv.com/business/infosys-news-infosys-posts-6-rise-in-september-quarter-profit-raises-revenue-guidance-2115293', 'display_url': 'ndtv.com/business/infos…', 'indices': [75, 98]}]",[],2019-10-11 10:38:58,Twitter Web App,18,5,
"Sensex, Nifty Settle Higher Led By Gains In Infosys, HDFC
https://t.co/UfJVpTigyO",1182599912401166336,"[{'url': 'https://t.co/UfJVpTigyO', 'expanded_url': 'https://www.ndtv.com/business/sensex-nifty-today-sensex-nifty-settle-higher-led-by-gains-in-infosys-hdfc-2115277', 'display_url': 'ndtv.com/business/sense…', 'indices': [58, 81]}]",[],2019-10-11 10:12:45,Twitter Web App,16,1,
"[Sponsored] Give Your Home A Sparkling New Look This Diwali With A Personal Loan
https://t.co/kOu0ur5IgV",1182580083418001409,"[{'url': 'https://t.co/kOu0ur5IgV', 'expanded_url': 'https://www.ndtv.com/business/give-your-home-a-sparkling-new-look-this-diwali-with-a-personal-loan-2111184', 'display_url': 'ndtv.com/business/give-…', 'indices': [81, 104]}]",[],2019-10-11 08:53:57,Twitter Web App,1,0,
"TCS Falls After September Quarter Earnings Miss Estimates
https://t.co/NveAYwLZ9w",1182568205753016320,"[{'url': 'https://t.co/NveAYwLZ9w', 'expanded_url': 'https://www.ndtv.com/business/tcs-falls-after-september-quarter-earnings-miss-estimates-2115196', 'display_url': 'ndtv.com/business/tcs-f…', 'indices': [58, 81]}]",[],2019-10-11 08:06:45,Twitter Web App,9,3,
"Passenger Vehicle Sales Fall Nearly 24% In September: Industry Body SIAM
https://t.co/1Sq6HIOgPz",1182562323342344192,"[{'url': 'https://t.co/1Sq6HIOgPz', 'expanded_url': 'https://www.ndtv.com/business/car-sales-auto-sales-news-passenger-car-sales-fall-nearly-24-percent-in-september-industry-body-siam-2115129', 'display_url': 'ndtv.com/business/car-s…', 'indices': [73, 96]}]",[],2019-10-11 07:43:23,Twitter Web App,45,11,
"LIVE Market Updates: Sensex Jumps 450 Points, Nifty Hits 11,350
https://t.co/SLIAvN7e2a",1182511176636227585,"[{'url': 'https://t.co/SLIAvN7e2a', 'expanded_url': 'https://www.ndtv.com/business/bse-sensex-today-live-share-market-updates-sensex-nifty-likely-to-open-higher-tcs-shares-in-focus-2115030', 'display_url': 'ndtv.com/business/bse-s…', 'indices': [64, 87]}]",[],2019-10-11 04:20:09,Twitter Web App,3,2,
"Sensex jumps over 300 points, Nifty crosses 11,300 mark; Vedanta, Tata Steel, SBI top gainers #Sensex #Nifty #MarketUpdates",1182507489901731840,[],"[{'text': 'Sensex', 'indices': [94, 101]}, {'text': 'Nifty', 'indices': [102, 108]}, {'text': 'MarketUpdates', 'indices': [109, 123]}]",2019-10-11 04:05:30,Twitter Web App,9,1,
"Pay Monthly, Or Will Stop Fuel Supply At 6 Airports From October 18: Oil Companies To Air India https://t.co/41JmACyEXU",1182322369852915712,"[{'url': 'https://t.co/41JmACyEXU', 'expanded_url': 'https://www.ndtv.com/business/pay-monthly-or-will-stop-fuel-supply-at-6-airports-from-october-18-oil-companies-to-air-india-2114906', 'display_url': 'ndtv.com/business/pay-m…', 'indices': [96, 119]}]",[],2019-10-10 15:49:54,Twitter Web App,38,8,
BSNL Says Its Revival Plans Under Government's Consideration https://t.co/80jayvtbpU,1182319033384759298,"[{'url': 'https://t.co/80jayvtbpU', 'expanded_url': 'https://www.ndtv.com/business/bsnl-says-its-revival-plans-under-governments-consideration-2114899', 'display_url': 'ndtv.com/business/bsnl-…', 'indices': [61, 84]}]",[],2019-10-10 15:36:38,Twitter Web App,2,1,
"IL&amp;FS To Sell 13 Prime Properties Across Mumbai, Hyderabad, Kolkata https://t.co/2yqjtmMlA9",1182318646569234435,"[{'url': 'https://t.co/2yqjtmMlA9', 'expanded_url': 'https://www.ndtv.com/business/il-fs-to-sell-13-prime-properties-across-mumbai-hyderabad-kolkata-2114902', 'display_url': 'ndtv.com/business/il-fs…', 'indices': [72, 95]}]",[],2019-10-10 15:35:06,Twitter Web App,3,1,
India Ratings Cuts India's 2019-20 GDP Growth Rate To 6.1% https://t.co/qC7AmHeXIn,1182314007480262657,"[{'url': 'https://t.co/qC7AmHeXIn', 'expanded_url': 'https://www.ndtv.com/business/india-ratings-cuts-indias-2019-20-gdp-growth-rate-to-6-1-2114894', 'display_url': 'ndtv.com/business/india…', 'indices': [59, 82]}]",[],2019-10-10 15:16:40,Twitter Web App,30,5,
Rupee Settles Flat At 71.07 Against Dollar https://t.co/mo7cObLOKq,1182288778078982144,"[{'url': 'https://t.co/mo7cObLOKq', 'expanded_url': 'https://www.ndtv.com/business/inr-vs-usd-rupee-vs-dollar-currency-exchange-rate-rupee-closes-on-this-note-on-october-10-2114855', 'display_url': 'ndtv.com/business/inr-v…', 'indices': [43, 66]}]",[],2019-10-10 13:36:25,Twitter Web App,62,14,
Moody's Cuts Growth Forecast For India To 5.8% This Fiscal Year https://t.co/GkRV78hvRU,1182286150859292673,"[{'url': 'https://t.co/GkRV78hvRU', 'expanded_url': 'https://www.ndtv.com/business/moodys-cuts-growth-forecast-for-india-to-5-8-this-fiscal-year-2114775', 'display_url': 'ndtv.com/business/moody…', 'indices': [64, 87]}]",[],2019-10-10 13:25:58,Twitter Web App,6,2,
No Charges For Calling Non-Jio Numbers Until Existing Plan Expires: Reliance Jio https://t.co/GCmCOjJGEo,1182282355395842048,"[{'url': 'https://t.co/GCmCOjJGEo', 'expanded_url': 'https://www.ndtv.com/business/reliance-jio-no-charges-for-calling-non-jio-numbers-until-existing-plan-expires-free-calls-exists-2114827', 'display_url': 'ndtv.com/business/relia…', 'indices': [81, 104]}]",[],2019-10-10 13:10:53,Twitter Web App,12,1,
"GST Council Sets Up Panel To Boost Revenue Collection
https://t.co/8BWWxDkP5s",1182261081382608896,"[{'url': 'https://t.co/8BWWxDkP5s', 'expanded_url': 'https://www.ndtv.com/business/gst-collection-news-gst-council-sets-up-panel-to-boost-revenue-collection-2114759', 'display_url': 'ndtv.com/business/gst-c…', 'indices': [54, 77]}]",[],2019-10-10 11:46:21,Twitter Web App,6,3,
"TCS Reports Profit Of Rs. 8,042 Crore In September Quarter
https://t.co/762MuHCjKD",1182254019248439296,"[{'url': 'https://t.co/762MuHCjKD', 'expanded_url': 'https://www.ndtv.com/business/tcs-share-price-tcs-earnings-tata-consultancy-services-september-quarter-profit-at-rs-8-042-crore-2114739', 'display_url': 'ndtv.com/business/tcs-s…', 'indices': [59, 82]}]",[],2019-10-10 11:18:18,Twitter Web App,11,4,
"Sensex, Nifty Resume Decline After A Day's Pause
https://t.co/PqOXEkSWpl",1182236982182723584,"[{'url': 'https://t.co/PqOXEkSWpl', 'expanded_url': 'https://www.ndtv.com/business/sensex-nifty-today-sensex-nifty-resume-decline-after-a-days-pause-2114690', 'display_url': 'ndtv.com/business/sense…', 'indices': [49, 72]}]",[],2019-10-10 10:10:36,Twitter Web App,11,5,
"Jio's U-Turn on Free Voice Calls Is Good News For Vodafone, Bharti https://t.co/OKVz5P7jR7",1182233052904214528,"[{'url': 'https://t.co/OKVz5P7jR7', 'expanded_url': 'https://www.ndtv.com/business/jios-u-turn-on-free-voice-calls-is-good-news-for-vodafone-bharti-airtel-2114674', 'display_url': 'ndtv.com/business/jios-…', 'indices': [67, 90]}]",[],2019-10-10 09:54:59,Twitter Web App,16,4,
SBI Revises Fixed Deposit Interest Rates From Today https://t.co/HNlJAr2jht,1182226446992850944,"[{'url': 'https://t.co/HNlJAr2jht', 'expanded_url': 'https://www.ndtv.com/business/sbi-fixed-deposit-fd-interest-rates-revised-from-today-october-10-latest-sbi-fd-rates-2114646', 'display_url': 'ndtv.com/business/sbi-f…', 'indices': [52, 75]}]",[],2019-10-10 09:28:44,Twitter Web App,15,6,
"IndusInd Bank Profit Rises 50% In September Quarter
https://t.co/dSEFfyVnFu",1182222455386996738,"[{'url': 'https://t.co/dSEFfyVnFu', 'expanded_url': 'https://www.ndtv.com/business/indusind-bank-earnings-indusind-bank-profit-rises-50-in-september-quarter-2114641', 'display_url': 'ndtv.com/business/indus…', 'indices': [52, 75]}]",[],2019-10-10 09:12:52,Twitter Web App,3,0,
"Looking into rules of co-operative banks, says Finance Minister Nirmala Sitharaman",1182203705669509121,[],[],2019-10-10 07:58:22,Twitter Web App,4,2,
"RBI taking required action against PMC Bank management, says Finance Minister Nirmala Sitharaman",1182203413238403072,[],[],2019-10-10 07:57:12,Twitter Web App,19,3,
"Will meet RBI Governor in the evening and request RBI to extradite withdrawal of money deposited in PMC Bank, says… https://t.co/hgX1Yoo5XV",1182202684046135296,"[{'url': 'https://t.co/hgX1Yoo5XV', 'expanded_url': 'https://twitter.com/i/web/status/1182202684046135296', 'display_url': 'twitter.com/i/web/status/1…', 'indices': [116, 139]}]",[],2019-10-10 07:54:18,Twitter Web App,17,2,
"[Sponsored] Why FD Is The Best Investment Option For You Today
https://t.co/uN11qqwvnZ",1182175756937388032,"[{'url': 'https://t.co/uN11qqwvnZ', 'expanded_url': 'https://www.ndtv.com/business/bank-fd-interest-rates-why-fd-is-the-best-investment-option-for-you-today-2109701', 'display_url': 'ndtv.com/business/bank-…', 'indices': [63, 86]}]",[],2019-10-10 06:07:18,Twitter Web App,9,0,
"Reliance Industries Gains As Jio To Charge For Calls Made To Other Networks
https://t.co/oF7xeBV9jx",1182169234077388800,"[{'url': 'https://t.co/oF7xeBV9jx', 'expanded_url': 'https://www.ndtv.com/business/reliance-jio-news-reliance-industries-gains-on-charging-for-calls-on-other-networks-2114498', 'display_url': 'ndtv.com/business/relia…', 'indices': [76, 99]}]",[],2019-10-10 05:41:23,Twitter Web App,25,3,
"Sensex Falls Nearly 200 Points, Nifty Struggles Above 11,250: 10 Things To Know
https://t.co/QdacPKyExY",1182165399174926337,"[{'url': 'https://t.co/QdacPKyExY', 'expanded_url': 'https://www.ndtv.com/business/bse-sensex-today-nifty-market-update-sensex-falls-nearly-200-points-nifty-near-11250-banks-fall-2114469', 'display_url': 'ndtv.com/business/bse-s…', 'indices': [80, 103]}]",[],2019-10-10 05:26:09,Twitter Web App,12,5,
"As Gold Prices Put Off Buyers Ahead Of Diwali, Jewellers Offer Bonanza
https://t.co/g8uLcjC7kn",1182161241483014144,"[{'url': 'https://t.co/g8uLcjC7kn', 'expanded_url': 'https://www.ndtv.com/business/as-gold-prices-put-off-buyers-ahead-of-diwali-jewellers-offer-bonanza-2114474', 'display_url': 'ndtv.com/business/as-go…', 'indices': [71, 94]}]",[],2019-10-10 05:09:38,Twitter Web App,25,4,
"LIVE Market Updates: Sensex Falls Over 150 Points, Nifty Drops Below 11,300
https://t.co/CHQVVAA0dS",1182145170747224065,"[{'url': 'https://t.co/CHQVVAA0dS', 'expanded_url': 'https://www.ndtv.com/business/bse-sensex-today-stock-market-live-updates-sensex-nifty-likely-to-open-lower-tcs-earnings-in-focus-2114419', 'display_url': 'ndtv.com/business/bse-s…', 'indices': [76, 99]}]",[],2019-10-10 04:05:46,Twitter Web App,9,3,
"Sensex falls over 150 points, Nifty drops below 11,300; Yes Bank, Tata Motors, ICICI Bank top losers #Sensex #Nifty #MarketUpdates",1182144323141259264,[],"[{'text': 'Sensex', 'indices': [101, 108]}, {'text': 'Nifty', 'indices': [109, 115]}, {'text': 'MarketUpdates', 'indices': [116, 130]}]",2019-10-10 04:02:24,Twitter Web App,12,2,
"RBI Rejects Indiabulls Housing, Lakshmi Vilas Bank's Proposed Merger https://t.co/yQFEaVUhWh",1181944507190792195,"[{'url': 'https://t.co/yQFEaVUhWh', 'expanded_url': 'https://www.ndtv.com/business/rbi-rejects-lakshmi-vilas-bank-indiabulls-housing-proposed-merger-2114285', 'display_url': 'ndtv.com/business/rbi-r…', 'indices': [69, 92]}]",[],2019-10-09 14:48:24,Twitter Web App,79,19,
Reliance Jio To Charge 6 Paise Per Minute For Making Calls To Other Networks https://t.co/VIulYa7UNA,1181904570844237824,"[{'url': 'https://t.co/VIulYa7UNA', 'expanded_url': 'https://www.ndtv.com/business/reliance-jio-to-charge-6-paise-per-minute-for-making-calls-to-other-networks-2114186', 'display_url': 'ndtv.com/business/relia…', 'indices': [77, 100]}]",[],2019-10-09 12:09:43,Twitter Web App,76,24,
"SBI Reduces Key Lending Rates, Home Loans To Get Cheaper https://t.co/uwxxZ2BM6p",1181881716178243585,"[{'url': 'https://t.co/uwxxZ2BM6p', 'expanded_url': 'https://www.ndtv.com/business/sbi-home-loans-to-get-cheaper-from-october-10-sbi-reduces-loan-interest-rates-less-emis-2114091', 'display_url': 'ndtv.com/business/sbi-h…', 'indices': [57, 80]}]",[],2019-10-09 10:38:54,Twitter Web App,2,2,
"Sensex, Nifty Snap Six-Day Losing Streak Led By Banks: 10 Things To Know
https://t.co/N0c6bTqR0d",1181874955518005248,"[{'url': 'https://t.co/N0c6bTqR0d', 'expanded_url': 'https://www.ndtv.com/business/sensex-nifty-snap-six-day-losing-streak-led-by-banks-10-things-to-know-2114106', 'display_url': 'ndtv.com/business/sense…', 'indices': [73, 96]}]",[],2019-10-09 10:12:02,Twitter Web App,5,3,
"SBI Revises Interest Rates On Savings Deposits, Fixed Deposits https://t.co/Tw6RCr1b9B",1181846672118145024,"[{'url': 'https://t.co/Tw6RCr1b9B', 'expanded_url': 'https://www.ndtv.com/business/sbi-revises-interest-rates-on-fixed-deposit-fd-savings-deposits-from-october-10-new-rates-here-2113985', 'display_url': 'ndtv.com/business/sbi-r…', 'indices': [63, 86]}]",[],2019-10-09 08:19:38,Twitter Web App,15,4,
"“Slowdown Helping Movies, People Want To Escape…”: PVR Boss https://t.co/AdAWG123gj",1181833482609160192,"[{'url': 'https://t.co/AdAWG123gj', 'expanded_url': 'https://www.ndtv.com/business/slowdown-helping-movies-people-want-to-escape-pvr-boss-2113959', 'display_url': 'ndtv.com/business/slowd…', 'indices': [60, 83]}]",[],2019-10-09 07:27:14,Twitter Web App,38,13,
"Earnings Revival Will Take Some Time As Slowdown Hits Demand: Analysts
https://t.co/w4eJymRxBu",1181822627905564672,"[{'url': 'https://t.co/w4eJymRxBu', 'expanded_url': 'https://www.ndtv.com/business/earnings-revival-will-take-some-time-as-slowdown-hits-demand-analysts-2113930', 'display_url': 'ndtv.com/business/earni…', 'indices': [71, 94]}]",[],2019-10-09 06:44:06,Twitter Web App,18,3,
"Amazon, Flipkart Sales Generate Rs. 19,000 Crore In Six Days
https://t.co/D9Py7QT7fk",1181810770738155525,"[{'url': 'https://t.co/D9Py7QT7fk', 'expanded_url': 'https://www.ndtv.com/business/amazon-flipkart-sales-generate-rs-19-000-crore-in-six-days-2113899', 'display_url': 'ndtv.com/business/amazo…', 'indices': [61, 84]}]",[],2019-10-09 05:56:59,Twitter Web App,55,6,
Gold Sales Likely To Decline 50% On Dhanteras: Experts https://t.co/ExxSYu536z,1181575219863064576,"[{'url': 'https://t.co/ExxSYu536z', 'expanded_url': 'https://www.ndtv.com/business/gold-prices-today-gold-sales-likely-to-decline-50-on-dhanteras-experts-2113674', 'display_url': 'ndtv.com/business/gold-…', 'indices': [55, 78]}]",[],2019-10-08 14:20:59,Twitter Web App,42,13,
"Petrol, Diesel Rates Cut For Sixth Day In A Row
https://t.co/tsOdwWDZgf",1181430843178455040,"[{'url': 'https://t.co/tsOdwWDZgf', 'expanded_url': 'https://www.ndtv.com/business/petrol-price-today-diesel-price-today-oct-8-petrol-diesel-rates-cut-for-sixth-day-in-a-row-2113356', 'display_url': 'ndtv.com/business/petro…', 'indices': [48, 71]}]",[],2019-10-08 04:47:17,Twitter Web App,34,7,
"Financial Markets To Remain Closed Today For Dussehra
https://t.co/e4sO3DJBj7",1181413763485847552,"[{'url': 'https://t.co/e4sO3DJBj7', 'expanded_url': 'https://www.ndtv.com/business/dussehra-2019-market-holiday-financial-markets-shut-today-for-dussehra-trading-to-resume-on-oct-9-2113322', 'display_url': 'ndtv.com/business/dusse…', 'indices': [54, 77]}]",[],2019-10-08 03:39:25,Twitter Web App,8,1,
"Samsung Vice Chairman In India, Likely To Meet PM Modi, Mukesh Ambani: Report
https://t.co/wCW9o7Afej",1181207233444474880,"[{'url': 'https://t.co/wCW9o7Afej', 'expanded_url': 'https://www.ndtv.com/business/samsung-vice-chairman-in-india-likely-to-meet-pm-modi-mukesh-ambani-report-2113195', 'display_url': 'ndtv.com/business/samsu…', 'indices': [78, 101]}]",[],2019-10-07 13:58:44,Twitter Web App,81,6,
Rupee Ends Lower At 71.02: 10 Things To Know https://t.co/TESlVDQduF,1181203876919136256,"[{'url': 'https://t.co/TESlVDQduF', 'expanded_url': 'https://www.ndtv.com/business/inr-vs-usd-rupee-vs-dollar-currency-exchange-rate-rupee-closes-this-much-lower-on-october-7-2113180', 'display_url': 'ndtv.com/business/inr-v…', 'indices': [45, 68]}]",[],2019-10-07 13:45:24,Twitter Web App,30,5,
"Income Tax Department Kicks Off E-Assessment With 58,000 Cases
https://t.co/SCnY3ZKv8t",1181202968772636673,"[{'url': 'https://t.co/SCnY3ZKv8t', 'expanded_url': 'https://www.ndtv.com/business/income-tax-department-kicks-off-e-assessment-with-58-000-cases-2113188', 'display_url': 'ndtv.com/business/incom…', 'indices': [63, 86]}]",[],2019-10-07 13:41:48,Twitter Web App,15,3,
Looking To Invest In Sovereign Gold Bonds? Here's All You Need To Know https://t.co/bJDZF98oDF,1181201149904355328,"[{'url': 'https://t.co/bJDZF98oDF', 'expanded_url': 'https://www.ndtv.com/business/sovereign-gold-bonds-sgbs-gold-investment-subscription-opens-today-how-to-invest-price-here-2113138', 'display_url': 'ndtv.com/business/sover…', 'indices': [71, 94]}]",[],2019-10-07 13:34:34,Twitter Web App,20,4,
"Oyo To Raise $1.5 Billion Led By Founder, Existing Investors
https://t.co/j000OjDCXZ",1181194859589169159,"[{'url': 'https://t.co/j000OjDCXZ', 'expanded_url': 'https://www.ndtv.com/business/softbank-backed-oyo-to-raise-1-5-billion-led-by-founder-existing-investors-2113173', 'display_url': 'ndtv.com/business/softb…', 'indices': [61, 84]}]",[],2019-10-07 13:09:34,Twitter Web App,22,4,
"Sensex, Nifty Fall For Sixth Day In A Row; Pharma Share Worst Hit
https://t.co/RjpDIwW87P",1181151053766483968,"[{'url': 'https://t.co/RjpDIwW87P', 'expanded_url': 'https://www.ndtv.com/business/sensex-today-nifty-today-sensex-nifty-fall-for-sixth-day-in-a-row-pharma-share-worst-hit-2113072', 'display_url': 'ndtv.com/business/sense…', 'indices': [66, 89]}]",[],2019-10-07 10:15:30,Twitter Web App,39,3,
"SoftBank CEO Masayoshi Son Says ""Embarrassed And Flustered"" By Track Record: Report
https://t.co/6uDKfNmM2C",1181142125930409984,"[{'url': 'https://t.co/6uDKfNmM2C', 'expanded_url': 'https://www.ndtv.com/business/softbank-ceo-masayoshi-son-says-embarrassed-and-flustered-by-track-record-report-2113057', 'display_url': 'ndtv.com/business/softb…', 'indices': [84, 107]}]",[],2019-10-07 09:40:02,Twitter Web App,14,4,
"Petrol, Diesel Prices Cut For Fifth Straight Day
https://t.co/hQhgMZ67k5",1181113639639470080,"[{'url': 'https://t.co/hQhgMZ67k5', 'expanded_url': 'https://www.ndtv.com/business/petrol-price-diesel-price-today-oct-7-petrol-diesel-rate-cut-by-12-13-paise-per-litre-5th-day-of-cut-2112971', 'display_url': 'ndtv.com/business/petro…', 'indices': [49, 72]}]",[],2019-10-07 07:46:50,Twitter Web App,49,4,
"Yes Bank Files Complaint Against Rumours About Its Financial Health
https://t.co/UaeE7ME83G",1181092414380900352,"[{'url': 'https://t.co/UaeE7ME83G', 'expanded_url': 'https://www.ndtv.com/business/yes-bank-files-complaint-against-rumors-about-its-financial-health-shares-jump-2112936', 'display_url': 'ndtv.com/business/yes-b…', 'indices': [68, 91]}]",[],2019-10-07 06:22:29,Twitter Web App,38,1,
"Paytm Founder Vijay Shekhar Sharma On IPO, New Plans And Pink Floyd
https://t.co/3MFgCwqJHi",1181076686424530949,"[{'url': 'https://t.co/3MFgCwqJHi', 'expanded_url': 'https://www.ndtv.com/business/paytm-founder-vijay-shekhar-sharma-on-ipo-new-plans-and-pink-floyd-2112890', 'display_url': 'ndtv.com/business/paytm…', 'indices': [68, 91]}]",[],2019-10-07 05:20:00,Twitter Web App,19,3,
"Sensex falls over 100 points, Nifty drops below 11,150 amid choppy trade; IndusInd Bank, Sun Pharma top losers #Sensex #Nifty #MarketUpdates",1181057878708215808,[],"[{'text': 'Sensex', 'indices': [111, 118]}, {'text': 'Nifty', 'indices': [119, 125]}, {'text': 'MarketUpdates', 'indices': [126, 140]}]",2019-10-07 04:05:15,Twitter Web App,10,1,
"Petrol, Diesel Prices Cut For Fourth Straight Day. Check Latest Rates Here
https://t.co/kTlNNgtqOO",1180775176192921600,"[{'url': 'https://t.co/kTlNNgtqOO', 'expanded_url': 'https://www.ndtv.com/business/petrol-diesel-price-today-petrol-diesel-price-cut-in-delhi-mumbai-kolkata-chennai-check-latest-price-2112674', 'display_url': 'ndtv.com/business/petro…', 'indices': [75, 98]}]",[],2019-10-06 09:21:54,Twitter Web App,38,4,
"Finance Ministry To Kick-Start Budgetary Exercise From October 14
https://t.co/hK04TzYCFm",1180719451039137793,"[{'url': 'https://t.co/hK04TzYCFm', 'expanded_url': 'https://www.ndtv.com/business/finance-ministry-to-kick-start-budgetary-exercise-from-october-14-2112595', 'display_url': 'ndtv.com/business/finan…', 'indices': [66, 89]}]",[],2019-10-06 05:40:28,Twitter Web App,106,10,
"Second Quarter Earnings, Macro-Data To Flare-Up Market Volatility
https://t.co/Uaio6s3Twa",1180716691086426112,"[{'url': 'https://t.co/Uaio6s3Twa', 'expanded_url': 'https://www.ndtv.com/business/second-quarter-earnings-macro-data-to-flare-up-market-volatility-2112592', 'display_url': 'ndtv.com/business/secon…', 'indices': [66, 89]}]",[],2019-10-06 05:29:30,Twitter Web App,2,0,
"Stake Sale Of State-Run Firms May Be Put Before Cabinet By November: Report
https://t.co/oxJe833ByK",1180713164683407360,"[{'url': 'https://t.co/oxJe833ByK', 'expanded_url': 'https://www.ndtv.com/business/stake-sale-of-state-run-firms-may-be-put-before-cabinet-by-november-report-2112590', 'display_url': 'ndtv.com/business/stake…', 'indices': [76, 99]}]",[],2019-10-06 05:15:29,Twitter Web App,6,1,
